oweifjw;oweijw
41;4
41;9
234;14
298.3333333;19
394.8333333;24
491.3333333;29
